Workbook

Sheet SOBRANTE CTA 279510020
A1: SUC | B1: CAJERO | C1: VALOR SOBRANTE | D1: VALOR CANCELADO | E1: NUEVO VALOR | F1: FECHA GRABADO dd/mm/aaaa | G1: FECHA SIN FORMULA. DÍA DEL ARQUEO | H1: CAJERO | I1: TIPO DE DIFERENCIA: CONTABLE / FISÍCA | J1: NOMBRE CAJERO
A2: 7 | B2: 5613 | C2: 100000 | D2: 100000 | E2: =+C2-D2 -> 0 | F2: 45965 | G2: 20251103 | H2: =VLOOKUP(B2,CAJEROS!B:D,3,0) -> Dispensador | I2: Cuadre diario | J2: =VLOOKUP(B2,CAJEROS!B:E,4,0) -> SUC_MOLIN2
A3: 60 | B3: 8719 | C3: 300000 | E3: =+C3-D3 -> 300000 | F3: 45965 | G3: 20251103 | H3: =VLOOKUP(B3,CAJEROS!B:D,3,0) -> Dispensador | I3: Cuadre diario | J3: =VLOOKUP(B3,CAJEROS!B:E,4,0) -> HALLCALIPR1
A4: 60 | B4: 8721 | C4: 200000 | E4: =+C4-D4 -> 200000 | F4: 45965 | G4: 20251103 | H4: =VLOOKUP(B4,CAJEROS!B:D,3,0) -> Dispensador | I4: Cuadre diario | J4: =VLOOKUP(B4,CAJEROS!B:E,4,0) -> HALLCALIPR3
A5: 60 | B5: 8725 | C5: 200000 | E5: =+C5-D5 -> 200000 | F5: 45965 | G5: 20251103 | H5: =VLOOKUP(B5,CAJEROS!B:D,3,0) -> Dispensador | I5: Cuadre diario | J5: =VLOOKUP(B5,CAJEROS!B:E,4,0) -> HALLCALIPR7
A6: 78 | B6: 8593 | C6: 100000 | E6: =+C6-D6 -> 100000 | F6: 45965 | G6: 20251103 | H6: =VLOOKUP(B6,CAJEROS!B:D,3,0) -> Dispensador | I6: Cuadre diario | J6: =VLOOKUP(B6,CAJEROS!B:E,4,0) -> HALLCACIQ4
A7: 101 | B7: 4867 | C7: 50000 | E7: =+C7-D7 -> 50000 | F7: 45965 | G7: 20251103 | H7: =VLOOKUP(B7,CAJEROS!B:D,3,0) -> Dispensador | I7: Cuadre diario | J7: =VLOOKUP(B7,CAJEROS!B:E,4,0) -> SUC_MDRIVE3
A8: 153 | B8: 9881 | C8: 1010000 | D8: 910000 | E8: =+C8-D8 -> 100000 | F8: 45965 | G8: 20251103 | H8: =VLOOKUP(B8,CAJEROS!B:D,3,0) -> Dispensador | I8: Cuadre diario | J8: =VLOOKUP(B8,CAJEROS!B:E,4,0) -> EXITOIBAG_3
A9: 186 | B9: 6509 | C9: 450000 | D9: 260000 | E9: =+C9-D9 -> 190000 | F9: 45965 | G9: 20251103 | H9: =VLOOKUP(B9,CAJEROS!B:D,3,0) -> Dispensador | I9: Cuadre diario | J9: =VLOOKUP(B9,CAJEROS!B:E,4,0) -> SUC_GALERI2
A10: 186 | B10: 6513 | C10: 310000 | E10: =+C10-D10 -> 310000 | F10: 45965 | G10: 20251103 | H10: =VLOOKUP(B10,CAJEROS!B:D,3,0) -> Dispensador | I10: Cuadre diario | J10: =VLOOKUP(B10,CAJEROS!B:E,4,0) -> SUC_GALERI4
A11: 186 | B11: 6514 | C11: 390000 | E11: =+C11-D11 -> 390000 | F11: 45965 | G11: 20251103 | H11: =VLOOKUP(B11,CAJEROS!B:D,3,0) -> Dispensador | I11: Cuadre diario | J11: =VLOOKUP(B11,CAJEROS!B:E,4,0) -> SUC_GALERI5
A12: 225 | B12: 8866 | C12: 190000 | E12: =+C12-D12 -> 190000 | F12: 45965 | G12: 20251103 | H12: =VLOOKUP(B12,CAJEROS!B:D,3,0) -> Dispensador | I12: Cuadre diario | J12: =VLOOKUP(B12,CAJEROS!B:E,4,0) -> SMALPLANQS4
A13: 229 | B13: 8957 | C13: 120000 | E13: =+C13-D13 -> 120000 | F13: 45965 | G13: 20251103 | H13: =VLOOKUP(B13,CAJEROS!B:D,3,0) -> Dispensador | I13: Cuadre diario | J13: =VLOOKUP(B13,CAJEROS!B:E,4,0) -> SUCPASERIO3
A14: 240 | B14: 4510 | C14: 150000 | E14: =+C14-D14 -> 150000 | F14: 45965 | G14: 20251103 | H14: =VLOOKUP(B14,CAJEROS!B:D,3,0) -> Dispensador | I14: Cuadre diario | J14: =VLOOKUP(B14,CAJEROS!B:E,4,0) -> SUC_SANTFE1
A15: 240 | B15: 6372 | C15: 100000 | E15: =+C15-D15 -> 100000 | F15: 45965 | G15: 20251103 | H15: =VLOOKUP(B15,CAJEROS!B:D,3,0) -> Dispensador | I15: Cuadre diario | J15: =VLOOKUP(B15,CAJEROS!B:E,4,0) -> STAFEANTI_2
A16: 289 | B16: 4593 | C16: 1900000 | D16: 1230000 | E16: =+C16-D16 -> 670000 | F16: 45965 | G16: 20251103 | H16: =VLOOKUP(B16,CAJEROS!B:D,3,0) -> Dispensador | I16: Cuadre diario | J16: =VLOOKUP(B16,CAJEROS!B:E,4,0) -> SUC_PGAIT3
A17: 289 | B17: 8225 | C17: 580000 | D17: =300000+240000 -> 540000 | E17: =+C17-D17 -> 40000 | F17: 45965 | G17: 20251103 | H17: =VLOOKUP(B17,CAJEROS!B:D,3,0) -> Dispensador | I17: Cuadre diario | J17: =VLOOKUP(B17,CAJEROS!B:E,4,0) -> PUERTO_GAI4
A18: 291 | B18: 4410 | C18: 5440000 | D18: 5200000 | E18: =+C18-D18 -> 240000 | F18: 45965 | G18: 20251103 | H18: =VLOOKUP(B18,CAJEROS!B:D,3,0) -> Dispensador | I18: Cuadre diario | J18: =VLOOKUP(B18,CAJEROS!B:E,4,0) -> SUC_PALMAS2
A19: 317 | B19: 9730 | C19: 30000 | E19: =+C19-D19 -> 30000 | F19: 45965 | G19: 20251103 | H19: =VLOOKUP(B19,CAJEROS!B:D,3,0) -> Dispensador | I19: Cuadre diario | J19: =VLOOKUP(B19,CAJEROS!B:E,4,0) -> SUCARAUCA_5
A20: 322 | B20: 2441 | C20: 1210000 | D20: 1200000 | E20: =+C20-D20 -> 10000 | F20: 45965 | G20: 20251103 | H20: =VLOOKUP(B20,CAJEROS!B:D,3,0) -> Dispensador | I20: Cuadre diario | J20: =VLOOKUP(B20,CAJEROS!B:E,4,0) -> SUCSANGIL1
A21: 372 | B21: 7917 | C21: 40000 | D21: 30000 | E21: =+C21-D21 -> 10000 | F21: 45965 | G21: 20251103 | H21: =VLOOKUP(B21,CAJEROS!B:D,3,0) -> Dispensador | I21: Cuadre diario | J21: =VLOOKUP(B21,CAJEROS!B:E,4,0) -> SUCFACATA_3
A22: 376 | B22: 2854 | C22: 200000 | D22: 190000 | E22: =+C22-D22 -> 10000 | F22: 45965 | G22: 20251103 | H22: =VLOOKUP(B22,CAJEROS!B:D,3,0) -> Dispensador | I22: Cuadre diario | J22: =VLOOKUP(B22,CAJEROS!B:E,4,0) -> _FREDONIA_
A23: 389 | B23: 4689 | C23: 550000 | E23: =+C23-D23 -> 550000 | F23: 45965 | G23: 20251103 | H23: =VLOOKUP(B23,CAJEROS!B:D,3,0) -> Dispensador | I23: Cuadre diario | J23: =VLOOKUP(B23,CAJEROS!B:E,4,0) -> SUC_MARIQ3
A24: 389 | B24: 4690 | C24: 1030000 | E24: =+C24-D24 -> 1030000 | F24: 45965 | G24: 20251103 | H24: =VLOOKUP(B24,CAJEROS!B:D,3,0) -> Dispensador | I24: Cuadre diario | J24: =VLOOKUP(B24,CAJEROS!B:E,4,0) -> SUC_MARIQ4
A25: 398 | B25: 9562 | C25: 1240000 | D25: 1240000 | E25: =+C25-D25 -> 0 | F25: 45965 | G25: 20251103 | H25: =VLOOKUP(B25,CAJEROS!B:D,3,0) -> Dispensador | I25: Cuadre diario | J25: =VLOOKUP(B25,CAJEROS!B:E,4,0) -> SUC_CHINU2
A26: 404 | B26: 5873 | C26: 320000 | E26: =+C26-D26 -> 320000 | F26: 45965 | G26: 20251103 | H26: =VLOOKUP(B26,CAJEROS!B:D,3,0) -> Dispensador | I26: Cuadre diario | J26: =VLOOKUP(B26,CAJEROS!B:E,4,0) -> JARDIN_2
A27: 422 | B27: 4221 | C27: 150000 | E27: =+C27-D27 -> 150000 | F27: 45965 | G27: 20251103 | H27: =VLOOKUP(B27,CAJEROS!B:D,3,0) -> Dispensador | I27: Cuadre diario | J27: =VLOOKUP(B27,CAJEROS!B:E,4,0) -> CHAPARRAL
A28: 451 | B28: 4967 | C28: 240000 | E28: =+C28-D28 -> 240000 | F28: 45965 | G28: 20251103 | H28: =VLOOKUP(B28,CAJEROS!B:D,3,0) -> Dispensador | I28: Cuadre diario | J28: =VLOOKUP(B28,CAJEROS!B:E,4,0) -> SUCPTOASIS2
A29: 484 | B29: 3268 | C29: 200000 | E29: =+C29-D29 -> 200000 | F29: 45965 | G29: 20251103 | H29: =VLOOKUP(B29,CAJEROS!B:D,3,0) -> Dispensador | I29: Cuadre diario | J29: =VLOOKUP(B29,CAJEROS!B:E,4,0) -> MAGANGUE_3
A30: 492 | B30: 6238 | C30: 100000 | D30: 80000 | E30: =+C30-D30 -> 20000 | F30: 45965 | G30: 20251103 | H30: =VLOOKUP(B30,CAJEROS!B:D,3,0) -> Dispensador | I30: Cuadre diario | J30: =VLOOKUP(B30,CAJEROS!B:E,4,0) -> SUCGARAGOA
A31: 499 | B31: 9808 | C31: 1600000 | E31: =+C31-D31 -> 1600000 | F31: 45965 | G31: 20251103 | H31: =VLOOKUP(B31,CAJEROS!B:D,3,0) -> Dispensador | I31: Cuadre diario | J31: =VLOOKUP(B31,CAJEROS!B:E,4,0) -> SUCPARFAB10
A32: 502 | B32: 4626 | C32: 290000 | D32: 240000 | E32: =+C32-D32 -> 50000 | F32: 45965 | G32: 20251103 | H32: =VLOOKUP(B32,CAJEROS!B:D,3,0) -> Dispensador | I32: Cuadre diario | J32: =VLOOKUP(B32,CAJEROS!B:E,4,0) -> SUC_LEYVA2
A33: 503 | B33: 5032 | C33: 100000 | E33: =+C33-D33 -> 100000 | F33: 45965 | G33: 20251103 | H33: =VLOOKUP(B33,CAJEROS!B:D,3,0) -> Dispensador | I33: Cuadre diario | J33: =VLOOKUP(B33,CAJEROS!B:E,4,0) -> YARUMAL2
A34: 522 | B34: 4590 | C34: 1120000 | D34: 1100000 | E34: =+C34-D34 -> 20000 | F34: 45965 | G34: 20251103 | H34: =VLOOKUP(B34,CAJEROS!B:D,3,0) -> Dispensador | I34: Cuadre diario | J34: =VLOOKUP(B34,CAJEROS!B:E,4,0) -> SUC_PUERTC1
A35: 523 | B35: 3997 | C35: 280000 | E35: =+C35-D35 -> 280000 | F35: 45965 | G35: 20251103 | H35: =VLOOKUP(B35,CAJEROS!B:D,3,0) -> Dispensador | I35: Cuadre diario | J35: =VLOOKUP(B35,CAJEROS!B:E,4,0) -> SUC_OVALLE3
A36: 536 | B36: 8993 | C36: 290000 | E36: =+C36-D36 -> 290000 | F36: 45965 | G36: 20251103 | H36: =VLOOKUP(B36,CAJEROS!B:D,3,0) -> Dispensador | I36: Cuadre diario | J36: =VLOOKUP(B36,CAJEROS!B:E,4,0) -> SUC_QUIBDO8
A37: 555 | B37: 7265 | C37: 1340000 | D37: 700000 | E37: =+C37-D37 -> 640000 | F37: 45965 | G37: 20251103 | H37: =VLOOKUP(B37,CAJEROS!B:D,3,0) -> Dispensador | I37: Cuadre diario | J37: =VLOOKUP(B37,CAJEROS!B:E,4,0) -> SUC_BARSAN1
A38: 584 | B38: 3068 | C38: 100000 | E38: =+C38-D38 -> 100000 | F38: 45965 | G38: 20251103 | H38: =VLOOKUP(B38,CAJEROS!B:D,3,0) -> Dispensador | I38: Cuadre diario | J38: =VLOOKUP(B38,CAJEROS!B:E,4,0) -> HALLCHIGOR3
A39: 584 | B39: 6874 | C39: 200000 | E39: =+C39-D39 -> 200000 | F39: 45965 | G39: 20251103 | H39: =VLOOKUP(B39,CAJEROS!B:D,3,0) -> Dispensador | I39: Cuadre diario | J39: =VLOOKUP(B39,CAJEROS!B:E,4,0) -> HALLCHIGOR2
A40: 631 | B40: 2617 | C40: 50000 | E40: =+C40-D40 -> 50000 | F40: 45965 | G40: 20251103 | H40: =VLOOKUP(B40,CAJEROS!B:D,3,0) -> Dispensador | I40: Cuadre diario | J40: =VLOOKUP(B40,CAJEROS!B:E,4,0) -> SUCURIBIA_3
A41: 658 | B41: 6228 | C41: 90000 | E41: =+C41-D41 -> 90000 | F41: 45965 | G41: 20251103 | H41: =VLOOKUP(B41,CAJEROS!B:D,3,0) -> Dispensador | I41: Cuadre diario | J41: =VLOOKUP(B41,CAJEROS!B:E,4,0) -> SUCBELLASU1
A42: 705 | B42: 4152 | C42: 290000 | D42: =130000+160000 -> 290000 | E42: =+C42-D42 -> 0 | F42: 45965 | G42: 20251103 | H42: =VLOOKUP(B42,CAJEROS!B:D,3,0) -> Dispensador | I42: Cuadre diario | J42: =VLOOKUP(B42,CAJEROS!B:E,4,0) -> SUC_BAGRE2
A43: 732 | B43: 6966 | C43: 130000 | D43: 100000 | E43: =+C43-D43 -> 30000 | F43: 45965 | G43: 20251103 | H43: =VLOOKUP(B43,CAJEROS!B:D,3,0) -> Dispensador | I43: Cuadre diario | J43: =VLOOKUP(B43,CAJEROS!B:E,4,0) -> ROLDANIL_2
A44: 799 | B44: 8187 | C44: 510000 | D44: 10000 | E44: =+C44-D44 -> 500000 | F44: 45965 | G44: 20251103 | H44: =VLOOKUP(B44,CAJEROS!B:D,3,0) -> Dispensador | I44: Cuadre diario | J44: =VLOOKUP(B44,CAJEROS!B:E,4,0) -> SUC_FLORBL4
A45: 864 | B45: 5377 | C45: 1080000 | E45: =+C45-D45 -> 1080000 | F45: 45965 | G45: 20251103 | H45: =VLOOKUP(B45,CAJEROS!B:D,3,0) -> Dispensador | I45: Cuadre diario | J45: =VLOOKUP(B45,CAJEROS!B:E,4,0) -> SUC_PRADER3
A46: 864 | B46: 5795 | C46: 5950000 | E46: =+C46-D46 -> 5950000 | F46: 45965 | G46: 20251103 | H46: =VLOOKUP(B46,CAJEROS!B:D,3,0) -> Dispensador | I46: Cuadre diario | J46: =VLOOKUP(B46,CAJEROS!B:E,4,0) -> SUC_PRADER1
A47: 876 | B47: 9681 | C47: 180000 | E47: =+C47-D47 -> 180000 | F47: 45965 | G47: 20251103 | H47: =VLOOKUP(B47,CAJEROS!B:D,3,0) -> Dispensador | I47: Cuadre diario | J47: =VLOOKUP(B47,CAJEROS!B:E,4,0) -> SUC_VILCAM3
A48: 909 | B48: 6641 | C48: 50000 | D48: 40000 | E48: =+C48-D48 -> 10000 | F48: 45965 | G48: 20251103 | H48: =VLOOKUP(B48,CAJEROS!B:D,3,0) -> Dispensador | I48: Cuadre diario | J48: =VLOOKUP(B48,CAJEROS!B:E,4,0) -> SUC_ROSAL2
A49: 882 | B49: 5020 | C49: 3640000 | D49: =3254000+31000+85000 -> 3370000 | E49: =+C49-D49 -> 270000 | F49: 45965 | G49: 20251103 | H49: =VLOOKUP(B49,CAJEROS!B:D,3,0) -> Multifuncional | I49: Cuadre diario | J49: =VLOOKUP(B49,CAJEROS!B:E,4,0) -> MF_LIBERTAD
A50: 795 | B50: 1028 | C50: 3560000 | E50: =+C50-D50 -> 3560000 | F50: 45965 | G50: 20251103 | H50: =VLOOKUP(B50,CAJEROS!B:D,3,0) -> Multifuncional | I50: Cuadre diario | J50: =VLOOKUP(B50,CAJEROS!B:E,4,0) -> MFSUCANVER2
A51: 745 | B51: 1477 | C51: 2465000 | E51: =+C51-D51 -> 2465000 | F51: 45965 | G51: 20251103 | H51: =VLOOKUP(B51,CAJEROS!B:D,3,0) -> Multifuncional | I51: Cuadre diario | J51: =VLOOKUP(B51,CAJEROS!B:E,4,0) -> MFSUCMALPZ2
A52: 825 | B52: 5023 | C52: 2335000 | E52: =+C52-D52 -> 2335000 | F52: 45965 | G52: 20251103 | H52: =VLOOKUP(B52,CAJEROS!B:D,3,0) -> Multifuncional | I52: Cuadre diario | J52: =VLOOKUP(B52,CAJEROS!B:E,4,0) -> MF_ASTROCEN
A53: 806 | B53: 5156 | C53: 2250000 | D53: =515000+660000 -> 1175000 | E53: =+C53-D53 -> 1075000 | F53: 45965 | G53: 20251103 | H53: =VLOOKUP(B53,CAJEROS!B:D,3,0) -> Multifuncional | I53: Cuadre diario | J53: =VLOOKUP(B53,CAJEROS!B:E,4,0) -> MF_ALZACIA
A54: 486 | B54: 5081 | C54: 1900000 | E54: =+C54-D54 -> 1900000 | F54: 45965 | G54: 20251103 | H54: =VLOOKUP(B54,CAJEROS!B:D,3,0) -> Multifuncional | I54: Cuadre diario | J54: =VLOOKUP(B54,CAJEROS!B:E,4,0) -> MF_SANNIBA1
A55: 265 | B55: 5083 | C55: 1759000 | E55: =+C55-D55 -> 1759000 | F55: 45965 | G55: 20251103 | H55: =VLOOKUP(B55,CAJEROS!B:D,3,0) -> Multifuncional | I55: Cuadre diario | J55: =VLOOKUP(B55,CAJEROS!B:E,4,0) -> MF_VALLELIL
A56: 549 | B56: 7123 | C56: 1566950 | D56: 1068000 | E56: =+C56-D56 -> 498950 | F56: 45965 | G56: 20251103 | H56: =VLOOKUP(B56,CAJEROS!B:D,3,0) -> Multifuncional | I56: Cuadre diario | J56: =VLOOKUP(B56,CAJEROS!B:E,4,0) -> MF_PLARIO2
A57: 154 | B57: 5041 | C57: 1561000 | E57: =+C57-D57 -> 1561000 | F57: 45965 | G57: 20251103 | H57: =VLOOKUP(B57,CAJEROS!B:D,3,0) -> Multifuncional | I57: Cuadre diario | J57: =VLOOKUP(B57,CAJEROS!B:E,4,0) -> MF_CMAYOR
A58: 674 | B58: 5200 | C58: 1429000 | E58: =+C58-D58 -> 1429000 | F58: 45965 | G58: 20251103 | H58: =VLOOKUP(B58,CAJEROS!B:D,3,0) -> Multifuncional | I58: Cuadre diario | J58: =VLOOKUP(B58,CAJEROS!B:E,4,0) -> MF_AV68FLOR
A59: 16 | B59: 5219 | C59: 1377000 | D59: 1365000 | E59: =+C59-D59 -> 12000 | F59: 45965 | G59: 20251103 | H59: =VLOOKUP(B59,CAJEROS!B:D,3,0) -> Multifuncional | I59: Cuadre diario | J59: =VLOOKUP(B59,CAJEROS!B:E,4,0) -> MF_AEOLAYA
A60: 723 | B60: 5046 | C60: 1310000 | E60: =+C60-D60 -> 1310000 | F60: 45965 | G60: 20251103 | H60: =VLOOKUP(B60,CAJEROS!B:D,3,0) -> Multifuncional | I60: Cuadre diario | J60: =VLOOKUP(B60,CAJEROS!B:E,4,0) -> MF_PARBOLED
A61: 101 | B61: 5128 | C61: 887000 | E61: =+C61-D61 -> 887000 | F61: 45965 | G61: 20251103 | H61: =VLOOKUP(B61,CAJEROS!B:D,3,0) -> Multifuncional | I61: Cuadre diario | J61: =VLOOKUP(B61,CAJEROS!B:E,4,0) -> MF_MULTDRIV
A62: 258 | B62: 5155 | C62: 525000 | E62: =+C62-D62 -> 525000 | F62: 45965 | G62: 20251103 | H62: =VLOOKUP(B62,CAJEROS!B:D,3,0) -> Multifuncional | I62: Cuadre diario | J62: =VLOOKUP(B62,CAJEROS!B:E,4,0) -> MF_TUNJA
A63: 777 | B63: 5009 | C63: 485000 | E63: =+C63-D63 -> 485000 | F63: 45965 | G63: 20251103 | H63: =VLOOKUP(B63,CAJEROS!B:D,3,0) -> Multifuncional | I63: Cuadre diario | J63: =VLOOKUP(B63,CAJEROS!B:E,4,0) -> MF_PWASHING
A64: 916 | B64: 5052 | C64: 450000 | E64: =+C64-D64 -> 450000 | F64: 45965 | G64: 20251103 | H64: =VLOOKUP(B64,CAJEROS!B:D,3,0) -> Multifuncional | I64: Cuadre diario | J64: =VLOOKUP(B64,CAJEROS!B:E,4,0) -> MF_OCEANMAL
A65: 551 | B65: 9644 | C65: 230000 | E65: =+C65-D65 -> 230000 | F65: 45965 | G65: 20251103 | H65: =VLOOKUP(B65,CAJEROS!B:D,3,0) -> Multifuncional | I65: Cuadre diario | J65: =VLOOKUP(B65,CAJEROS!B:E,4,0) -> MFSUCUNIME2
A66: 944 | B66: 2228 | C66: 155000 | E66: =+C66-D66 -> 155000 | F66: 45965 | G66: 20251103 | H66: =VLOOKUP(B66,CAJEROS!B:D,3,0) -> Multifuncional | I66: Cuadre diario | J66: =VLOOKUP(B66,CAJEROS!B:E,4,0) -> MF_SANTABO3
A67: 60 | B67: 8728 | C67: 121000 | E67: =+C67-D67 -> 121000 | F67: 45965 | G67: 20251103 | H67: =VLOOKUP(B67,CAJEROS!B:D,3,0) -> Multifuncional | I67: Cuadre diario | J67: =VLOOKUP(B67,CAJEROS!B:E,4,0) -> MF_HCALIPR2
A68: 60 | B68: 8727 | C68: 114250 | E68: =+C68-D68 -> 114250 | F68: 45965 | G68: 20251103 | H68: =VLOOKUP(B68,CAJEROS!B:D,3,0) -> Multifuncional | I68: Cuadre diario | J68: =VLOOKUP(B68,CAJEROS!B:E,4,0) -> MF_HCALIPR1
A69: 741 | B69: 6843 | C69: 72000 | E69: =+C69-D69 -> 72000 | F69: 45965 | G69: 20251103 | H69: =VLOOKUP(B69,CAJEROS!B:D,3,0) -> Multifuncional | I69: Cuadre diario | J69: =VLOOKUP(B69,CAJEROS!B:E,4,0) -> MFSUC_IDEO1
A70: 217 | B70: 5208 | C70: 40000 | E70: =+C70-D70 -> 40000 | F70: 45965 | G70: 20251103 | H70: =VLOOKUP(B70,CAJEROS!B:D,3,0) -> Multifuncional | I70: Cuadre diario | J70: =VLOOKUP(B70,CAJEROS!B:E,4,0) -> MF_MONTEVID
A71: 554 | B71: 8295 | C71: 27500 | E71: =+C71-D71 -> 27500 | F71: 45965 | G71: 20251103 | H71: =VLOOKUP(B71,CAJEROS!B:D,3,0) -> Multifuncional | I71: Cuadre diario | J71: =VLOOKUP(B71,CAJEROS!B:E,4,0) -> MF_SBUVIII2
A72: 32 | B72: 5027 | C72: 1270000 | E72: =+C72-D72 -> 1270000 | F72: 45966 | G72: 20251104 | H72: =VLOOKUP(B72,CAJEROS!B:D,3,0) -> Multifuncional | J72: =VLOOKUP(B72,CAJEROS!B:E,4,0) -> MF_ANTCOUNT
A73: 33 | B73: 8861 | C73: 2337000 | E73: =+C73-D73 -> 2337000 | F73: 45966 | G73: 20251104 | H73: =VLOOKUP(B73,CAJEROS!B:D,3,0) -> Multifuncional | J73: =VLOOKUP(B73,CAJEROS!B:E,4,0) -> MF_SPOLCLU1
A74: 59 | B74: 5002 | C74: 10000 | E74: =+C74-D74 -> 10000 | F74: 45966 | G74: 20251104 | H74: =VLOOKUP(B74,CAJEROS!B:D,3,0) -> Multifuncional | J74: =VLOOKUP(B74,CAJEROS!B:E,4,0) -> MF_AVSTNDER
A75: 166 | B75: 7940 | C75: 1370000 | E75: =+C75-D75 -> 1370000 | F75: 45966 | G75: 20251104 | H75: =VLOOKUP(B75,CAJEROS!B:D,3,0) -> Multifuncional | J75: =VLOOKUP(B75,CAJEROS!B:E,4,0) -> MF_ALDELS22
A76: 211 | B76: 5067 | C76: 4822000 | E76: =+C76-D76 -> 4822000 | F76: 45966 | G76: 20251104 | H76: =VLOOKUP(B76,CAJEROS!B:D,3,0) -> Multifuncional | J76: =VLOOKUP(B76,CAJEROS!B:E,4,0) -> MF_SCTROIND
A77: 265 | B77: 5083 | C77: 2245000 | E77: =+C77-D77 -> 2245000 | F77: 45966 | G77: 20251104 | H77: =VLOOKUP(B77,CAJEROS!B:D,3,0) -> Multifuncional | J77: =VLOOKUP(B77,CAJEROS!B:E,4,0) -> MF_VALLELIL
A78: 389 | B78: 7327 | C78: 977000 | E78: =+C78-D78 -> 977000 | F78: 45966 | G78: 20251104 | H78: =VLOOKUP(B78,CAJEROS!B:D,3,0) -> Multifuncional | J78: =VLOOKUP(B78,CAJEROS!B:E,4,0) -> MF_MARIQUIT
A79: 509 | B79: 8835 | C79: 3308800 | E79: =+C79-D79 -> 3308800 | F79: 45966 | G79: 20251104 | H79: =VLOOKUP(B79,CAJEROS!B:D,3,0) -> Multifuncional | J79: =VLOOKUP(B79,CAJEROS!B:E,4,0) -> MFTSUCURB1
A80: 609 | B80: 7888 | C80: 8996000 | E80: =+C80-D80 -> 8996000 | F80: 45966 | G80: 20251104 | H80: =VLOOKUP(B80,CAJEROS!B:D,3,0) -> Multifuncional | J80: =VLOOKUP(B80,CAJEROS!B:E,4,0) -> MFSUCABAST2
A81: 651 | B81: 7318 | C81: 1746000 | E81: =+C81-D81 -> 1746000 | F81: 45966 | G81: 20251104 | H81: =VLOOKUP(B81,CAJEROS!B:D,3,0) -> Multifuncional | J81: =VLOOKUP(B81,CAJEROS!B:E,4,0) -> MF_BARBOSA2
A82: 656 | B82: 5103 | C82: 27590000 | E82: =+C82-D82 -> 27590000 | F82: 45966 | G82: 20251104 | H82: =VLOOKUP(B82,CAJEROS!B:D,3,0) -> Multifuncional | J82: =VLOOKUP(B82,CAJEROS!B:E,4,0) -> MF_MAYPLAZA
A83: 674 | B83: 5200 | C83: 1021000 | E83: =+C83-D83 -> 1021000 | F83: 45966 | G83: 20251104 | H83: =VLOOKUP(B83,CAJEROS!B:D,3,0) -> Multifuncional | J83: =VLOOKUP(B83,CAJEROS!B:E,4,0) -> MF_AV68FLOR
A84: 781 | B84: 5057 | C84: 9900000 | E84: =+C84-D84 -> 9900000 | F84: 45966 | G84: 20251104 | H84: =VLOOKUP(B84,CAJEROS!B:D,3,0) -> Multifuncional | J84: =VLOOKUP(B84,CAJEROS!B:E,4,0) -> MF_PRPLAZA
A85: 78 | B85: 6246 | C85: 4690000 | E85: =+C85-D85 -> 4690000 | F85: 45966 | G85: 20251104 | H85: =VLOOKUP(B85,CAJEROS!B:D,3,0) -> Multifuncional | I85: Cuadre diario | J85: =VLOOKUP(B85,CAJEROS!B:E,4,0) -> MF_CACIQUE
A86: 229 | B86: 9604 | C86: 4380250 | D86: =590000+155000+494750 -> 1239750 | E86: =+C86-D86 -> 3140500 | F86: 45966 | G86: 20251104 | H86: =VLOOKUP(B86,CAJEROS!B:D,3,0) -> Multifuncional | I86: Cuadre diario | J86: =VLOOKUP(B86,CAJEROS!B:E,4,0) -> MFSUCPASER1
A87: 601 | B87: 6407 | C87: 4150000 | E87: =+C87-D87 -> 4150000 | F87: 45966 | G87: 20251104 | H87: =VLOOKUP(B87,CAJEROS!B:D,3,0) -> Multifuncional | I87: Cuadre diario | J87: =VLOOKUP(B87,CAJEROS!B:E,4,0) -> MF_COLINACA
A88: 829 | B88: 5137 | C88: 3732000 | E88: =+C88-D88 -> 3732000 | F88: 45966 | G88: 20251104 | H88: =VLOOKUP(B88,CAJEROS!B:D,3,0) -> Multifuncional | I88: Cuadre diario | J88: =VLOOKUP(B88,CAJEROS!B:E,4,0) -> MF_UNICALI1
A89: 317 | B89: 6613 | C89: 3551000 | E89: =+C89-D89 -> 3551000 | F89: 45966 | G89: 20251104 | H89: =VLOOKUP(B89,CAJEROS!B:D,3,0) -> Multifuncional | I89: Cuadre diario | J89: =VLOOKUP(B89,CAJEROS!B:E,4,0) -> MF_ARAUCA
A90: 432 | B90: 5195 | C90: 3209000 | D90: 2895000 | E90: =+C90-D90 -> 314000 | F90: 45966 | G90: 20251104 | H90: =VLOOKUP(B90,CAJEROS!B:D,3,0) -> Multifuncional | I90: Cuadre diario | J90: =VLOOKUP(B90,CAJEROS!B:E,4,0) -> MF_TTEDLSU1
A91: 743 | B91: 5106 | C91: 3180000 | E91: =+C91-D91 -> 3180000 | F91: 45966 | G91: 20251104 | H91: =VLOOKUP(B91,CAJEROS!B:D,3,0) -> Multifuncional | I91: Cuadre diario | J91: =VLOOKUP(B91,CAJEROS!B:E,4,0) -> MF_NORTHPOI
A92: 944 | B92: 2228 | C92: 2835000 | D92: =2820000+12400 -> 2832400 | E92: =+C92-D92 -> 2600 | F92: 45966 | G92: 20251104 | H92: =VLOOKUP(B92,CAJEROS!B:D,3,0) -> Multifuncional | I92: Cuadre diario | J92: =VLOOKUP(B92,CAJEROS!B:E,4,0) -> MF_SANTABO3
A93: 816 | B93: 5205 | C93: 2751100 | E93: =+C93-D93 -> 2751100 | F93: 45966 | G93: 20251104 | H93: =VLOOKUP(B93,CAJEROS!B:D,3,0) -> Multifuncional | I93: Cuadre diario | J93: =VLOOKUP(B93,CAJEROS!B:E,4,0) -> MF_SUCLLE10
A94: 764 | B94: 6715 | C94: 2705600 | E94: =+C94-D94 -> 2705600 | F94: 45966 | G94: 20251104 | H94: =VLOOKUP(B94,CAJEROS!B:D,3,0) -> Multifuncional | I94: Cuadre diario | J94: =VLOOKUP(B94,CAJEROS!B:E,4,0) -> MF_JAMUNDI
A95: 68 | B95: 5135 | C95: 2605000 | E95: =+C95-D95 -> 2605000 | F95: 45966 | G95: 20251104 | H95: =VLOOKUP(B95,CAJEROS!B:D,3,0) -> Multifuncional | I95: Cuadre diario | J95: =VLOOKUP(B95,CAJEROS!B:E,4,0) -> MF_IBAGUE
A96: 876 | B96: 9682 | C96: 2550000 | E96: =+C96-D96 -> 2550000 | F96: 45966 | G96: 20251104 | H96: =VLOOKUP(B96,CAJEROS!B:D,3,0) -> Multifuncional | I96: Cuadre diario | J96: =VLOOKUP(B96,CAJEROS!B:E,4,0) -> MF_VILCAM1
A97: 287 | B97: 907 | C97: 2522200 | E97: =+C97-D97 -> 2522200 | F97: 45966 | G97: 20251104 | H97: =VLOOKUP(B97,CAJEROS!B:D,3,0) -> Multifuncional | I97: Cuadre diario | J97: =VLOOKUP(B97,CAJEROS!B:E,4,0) -> MFABASTOBGA
A98: 363 | B98: 5168 | C98: 2187700 | E98: =+C98-D98 -> 2187700 | F98: 45966 | G98: 20251104 | H98: =VLOOKUP(B98,CAJEROS!B:D,3,0) -> Multifuncional | I98: Cuadre diario | J98: =VLOOKUP(B98,CAJEROS!B:E,4,0) -> MF_YOPAL
A99: 516 | B99: 9729 | C99: 1968000 | D99: 822050 | E99: =+C99-D99 -> 1145950 | F99: 45966 | G99: 20251104 | H99: =VLOOKUP(B99,CAJEROS!B:D,3,0) -> Multifuncional | I99: Cuadre diario | J99: =VLOOKUP(B99,CAJEROS!B:E,4,0) -> MF_SUCSTAM1
A100: 944 | B100: 8353 | C100: 1960000 | D100: 1947700 | E100: =+C100-D100 -> 12300 | F100: 45966 | G100: 20251104 | H100: =VLOOKUP(B100,CAJEROS!B:D,3,0) -> Multifuncional | I100: Cuadre diario | J100: =VLOOKUP(B100,CAJEROS!B:E,4,0) -> MF_SANTABO1
...

Sheet HISTORICO 279510020
A1: SUC | B1: CODIGO | C1: VALOR SOBRANTE | D1: VALOR CANCELADO | E1: NUEVO VALOR | F1: FECHA GRABADO formato dd/mm/aaaa | G1: FECHA SIN FORMULA. DÍA DEL ARQUEO | H1: CAJERO | I1: OBSERVACIONES | J1: OBSERVACIONES
A2: 61 | B2: 788 | C2: 1370000 | D2: 1370000 | E2: 0 | F2: 45870 | G2: 20250731 | H2: Multifuncional | I2: Cuadre diario | J2: MFSUCLAEST1
A3: 322 | B3: 2444 | C3: 920000 | D3: 920000 | E3: =+C3-D3 -> 0 | F3: 45870 | G3: 20250731 | H3: =VLOOKUP(B3,CAJEROS!B:D,3,0) -> Multifuncional | I3: Cuadre diario | J3: =VLOOKUP(B3,CAJEROS!B:E,4,0) -> MFSUCSNGIL1
A4: 6 | B4: 5001 | C4: 190000 | D4: 190000 | E4: =+C4-D4 -> 0 | F4: 45870 | G4: 20250731 | H4: =VLOOKUP(B4,CAJEROS!B:D,3,0) -> Multifuncional | I4: Cuadre diario | J4: =VLOOKUP(B4,CAJEROS!B:E,4,0) -> MF_AVJUNIN
A5: 361 | B5: 5005 | C5: 1550000 | D5: 1550000 | E5: =+C5-D5 -> 0 | F5: 45870 | G5: 20250731 | H5: =VLOOKUP(B5,CAJEROS!B:D,3,0) -> Multifuncional | I5: Cuadre diario | J5: =VLOOKUP(B5,CAJEROS!B:E,4,0) -> MF_CDPFONTI
A6: 623 | B6: 5047 | C6: 1480000 | D6: 1480000 | E6: 0 | F6: 45870 | G6: 20250731 | H6: Multifuncional | I6: Cuadre diario | J6: MF_FMANIZAL
A7: 262 | B7: 5153 | C7: 2210000 | D7: 2210000 | E7: =+C7-D7 -> 0 | F7: 45870 | G7: 20250731 | H7: =VLOOKUP(B7,CAJEROS!B:D,3,0) -> Multifuncional | I7: Cuadre diario | J7: =VLOOKUP(B7,CAJEROS!B:E,4,0) -> MF_DUITAMA
A8: 217 | B8: 5208 | C8: 100000 | D8: 100000 | E8: =+C8-D8 -> 0 | F8: 45870 | G8: 20250731 | H8: =VLOOKUP(B8,CAJEROS!B:D,3,0) -> Multifuncional | I8: Cuadre diario | J8: =VLOOKUP(B8,CAJEROS!B:E,4,0) -> MF_MONTEVID
A9: 79 | B9: 6245 | C9: 220000 | D9: 220000 | E9: =+C9-D9 -> 0 | F9: 45870 | G9: 20250731 | H9: =VLOOKUP(B9,CAJEROS!B:D,3,0) -> Multifuncional | I9: Cuadre diario | J9: =VLOOKUP(B9,CAJEROS!B:E,4,0) -> MF_LAQUINTA
A10: 348 | B10: 6724 | C10: 2913000 | D10: 2913000 | E10: =+C10-D10 -> 0 | F10: 45870 | G10: 20250731 | H10: =VLOOKUP(B10,CAJEROS!B:D,3,0) -> Multifuncional | I10: Cuadre diario | J10: =VLOOKUP(B10,CAJEROS!B:E,4,0) -> MF_SANANDRE
A11: 166 | B11: 7939 | C11: 60000 | D11: 60000 | E11: =+C11-D11 -> 0 | F11: 45870 | G11: 20250731 | H11: =VLOOKUP(B11,CAJEROS!B:D,3,0) -> Multifuncional | I11: Cuadre diario | J11: =VLOOKUP(B11,CAJEROS!B:E,4,0) -> MF_ALDELSI1
A12: 569 | B12: 8129 | C12: 1843000 | D12: 1843000 | E12: =+C12-D12 -> 0 | F12: 45870 | G12: 20250731 | H12: =VLOOKUP(B12,CAJEROS!B:D,3,0) -> Multifuncional | I12: Cuadre diario | J12: =VLOOKUP(B12,CAJEROS!B:E,4,0) -> MF_BUENMON2
A13: 915 | B13: 8313 | C13: 1060000 | D13: 1060000 | E13: 0 | F13: 45870 | G13: 20250731 | H13: Multifuncional | I13: Cuadre diario | J13: MF_BANLABB1
A14: 302 | B14: 5170 | C14: 580000 | D14: 580000 | E14: 0 | F14: 45870 | G14: 20250731 | H14: Multifuncional | I14: Cuadre diario | J14: MF_QUEBRASE
A15: 93 | B15: 7126 | C15: 1411000 | D15: 1411000 | E15: 0 | F15: 45870 | G15: 20250731 | H15: Multifuncional | I15: Cuadre diario | J15: MF_SAHAGUN
A16: 32 | B16: 5027 | C16: 220000 | D16: 220000 | E16: =+C16-D16 -> 0 | F16: 45870 | G16: 20250731 | H16: =VLOOKUP(B16,CAJEROS!B:D,3,0) -> Multifuncional | I16: Cuadre diario | J16: =VLOOKUP(B16,CAJEROS!B:E,4,0) -> MF_ANTCOUNT
A17: 76 | B17: 5126 | C17: 100000 | D17: 100000 | E17: =+C17-D17 -> 0 | F17: 45870 | G17: 20250731 | H17: =VLOOKUP(B17,CAJEROS!B:D,3,0) -> Multifuncional | I17: Cuadre diario | J17: =VLOOKUP(B17,CAJEROS!B:E,4,0) -> MF_NEIVA
A18: 60 | B18: 8719 | C18: 10000000 | D18: 10000000 | E18: 0 | F18: 45870 | G18: 20250731 | H18: Dispensador | I18: Cuadre diario | J18: HALLCALIPR1
A19: 335 | B19: 5741 | C19: 700000 | D19: 700000 | E19: 0 | F19: 45870 | G19: 20250731 | H19: Dispensador | I19: Cuadre diario | J19: SUC_CAJICA5
A20: 1 | B20: 5000 | C20: 50000 | D20: 50000 | E20: =+C20-D20 -> 0 | F20: 45873 | G20: 20250803 | H20: =VLOOKUP(B20,CAJEROS!B:D,3,0) -> Multifuncional | I20: Cuadre diario | J20: =VLOOKUP(B20,CAJEROS!B:E,4,0) -> MF_CARABOBO
A21: 852 | B21: 5050 | C21: 2510000 | D21: 2510000 | E21: =+C21-D21 -> 0 | F21: 45873 | G21: 20250803 | H21: =VLOOKUP(B21,CAJEROS!B:D,3,0) -> Multifuncional | I21: Cuadre diario | J21: =VLOOKUP(B21,CAJEROS!B:E,4,0) -> MF_VICPLAZA
A22: 250 | B22: 5197 | C22: 650000 | D22: 650000 | E22: =+C22-D22 -> 0 | F22: 45873 | G22: 20250803 | H22: =VLOOKUP(B22,CAJEROS!B:D,3,0) -> Multifuncional | I22: Cuadre diario | J22: =VLOOKUP(B22,CAJEROS!B:E,4,0) -> MF_MODELIA
A23: 769 | B23: 8679 | C23: 1580000 | D23: 1580000 | E23: =+C23-D23 -> 0 | F23: 45873 | G23: 20250803 | H23: =VLOOKUP(B23,CAJEROS!B:D,3,0) -> Multifuncional | I23: Cuadre diario | J23: =VLOOKUP(B23,CAJEROS!B:E,4,0) -> MF_SUCPPRA1
A24: 64 | B24: 6447 | C24: 510000 | D24: 510000 | E24: 0 | F24: 45870 | G24: 20250731 | H24: Dispensador | I24: Cuadre diario | J24: VIPASA_5_R
A25: 849 | B25: 9723 | C25: 40000 | D25: 40000 | E25: 0 | F25: 45870 | G25: 20250731 | H25: Dispensador | I25: Cuadre diario | J25: SUCUNIVILL4
A26: 866 | B26: 6260 | C26: 100000 | D26: 100000 | E26: 0 | F26: 45870 | G26: 20250731 | H26: Dispensador | I26: Cuadre diario | J26: SUC_FLORID4
A27: 305 | B27: 4897 | C27: 200000 | D27: 200000 | E27: 0 | F27: 45873 | G27: 20250803 | H27: Dispensador | I27: Cuadre diario | J27: SUC_VILLAN3
A28: 536 | B28: 4795 | C28: 1030000 | D28: 1030000 | E28: 0 | F28: 45873 | G28: 20250803 | H28: Dispensador | I28: Cuadre diario | J28: SUC_QUIBDO1
A29: 927 | B29: 5749 | C29: 70000 | D29: 70000 | E29: 0 | F29: 45873 | G29: 20250803 | H29: Dispensador | I29: Cuadre diario | J29: SUC_MOCOA1
A30: 927 | B30: 5750 | C30: 30000 | D30: 30000 | E30: 0 | F30: 45873 | G30: 20250803 | H30: Dispensador | I30: Cuadre diario | J30: SUC_MOCOA2
A31: 966 | B31: 9943 | C31: 200000 | D31: 200000 | E31: 0 | F31: 45873 | G31: 20250803 | H31: Dispensador | I31: Cuadre diario | J31: HALLSUCMTE3
A32: 331 | B32: 574 | C32: 280000 | D32: 280000 | E32: =+C32-D32 -> 0 | F32: 45874 | G32: 20250804 | H32: =VLOOKUP(B32,CAJEROS!B:D,3,0) -> Multifuncional | I32: Cuadre diario | J32: =VLOOKUP(B32,CAJEROS!B:E,4,0) -> MF_SUCARKA1
A33: 61 | B33: 788 | C33: 1675000 | D33: 1675000 | E33: =+C33-D33 -> 0 | F33: 45874 | G33: 20250804 | H33: =VLOOKUP(B33,CAJEROS!B:D,3,0) -> Multifuncional | I33: Cuadre diario | J33: =VLOOKUP(B33,CAJEROS!B:E,4,0) -> MFSUCLAEST1
A34: 6 | B34: 5001 | C34: 90000 | D34: 90000 | E34: =+C34-D34 -> 0 | F34: 45874 | G34: 20250804 | H34: =VLOOKUP(B34,CAJEROS!B:D,3,0) -> Multifuncional | I34: Cuadre diario | J34: =VLOOKUP(B34,CAJEROS!B:E,4,0) -> MF_AVJUNIN
A35: 517 | B35: 5053 | C35: 1684000 | D35: 1684000 | E35: =+C35-D35 -> 0 | F35: 45874 | G35: 20250804 | H35: =VLOOKUP(B35,CAJEROS!B:D,3,0) -> Multifuncional | I35: Cuadre diario | J35: =VLOOKUP(B35,CAJEROS!B:E,4,0) -> MF_RODADERO
A36: 781 | B36: 5057 | C36: 2970000 | D36: 2970000 | E36: =+C36-D36 -> 0 | F36: 45874 | G36: 20250804 | H36: =VLOOKUP(B36,CAJEROS!B:D,3,0) -> Multifuncional | I36: Cuadre diario | J36: =VLOOKUP(B36,CAJEROS!B:E,4,0) -> MF_PRPLAZA
A37: 383 | B37: 5194 | C37: 1980000 | D37: 1980000 | E37: =+C37-D37 -> 0 | F37: 45874 | G37: 20250804 | H37: =VLOOKUP(B37,CAJEROS!B:D,3,0) -> Multifuncional | I37: Cuadre diario | J37: =VLOOKUP(B37,CAJEROS!B:E,4,0) -> MF_MADRID
A38: 859 | B38: 5207 | C38: 1762000 | D38: 1762000 | E38: =+C38-D38 -> 0 | F38: 45874 | G38: 20250804 | H38: =VLOOKUP(B38,CAJEROS!B:D,3,0) -> #N/A | I38: Cuadre diario | J38: =VLOOKUP(B38,CAJEROS!B:E,4,0) -> #N/A
A39: 941 | B39: 5220 | C39: 2840000 | D39: 2840000 | E39: =+C39-D39 -> 0 | F39: 45874 | G39: 20250804 | H39: =VLOOKUP(B39,CAJEROS!B:D,3,0) -> Multifuncional | I39: Cuadre diario | J39: =VLOOKUP(B39,CAJEROS!B:E,4,0) -> MF_NEIVANVA
A40: 236 | B40: 8497 | C40: 100000 | D40: 100000 | E40: =+C40-D40 -> 0 | F40: 45874 | G40: 20250804 | H40: =VLOOKUP(B40,CAJEROS!B:D,3,0) -> Multifuncional | I40: Cuadre diario | J40: =VLOOKUP(B40,CAJEROS!B:E,4,0) -> MF_EXITCOL2
A41: 442 | B41: 8887 | C41: 1382500 | D41: 1382500 | E41: 0 | F41: 45873 | G41: 20250803 | H41: Multifuncional | I41: Cuadre diario | J41: MFVIVABQUI1
A42: 442 | B42: 8887 | C42: 1110000 | D42: 1110000 | E42: 0 | F42: 45874 | G42: 20250804 | H42: Multifuncional | I42: Cuadre diario | J42: MFVIVABQUI1
A43: 438 | B43: 1565 | C43: 2870000 | D43: 2870000 | E43: 0 | F43: 45874 | G43: 20250804 | H43: Multifuncional | I43: Cuadre diario | J43: MFSUCANDES1
A44: 844 | B44: 6157 | C44: 50000 | D44: 50000 | E44: 0 | F44: 45870 | G44: 20250731 | H44: Dispensador | I44: Cuadre diario | J44: SUCCCPRIMA3
A45: 706 | B45: 4147 | C45: 4700000 | D45: 4700000 | E45: 0 | F45: 45873 | G45: 20250801 | H45: Dispensador | J45: SUC_CHINCH2
A46: 305 | B46: 7722 | C46: 850000 | D46: 850000 | E46: 0 | F46: 45873 | G46: 20250803 | H46: Dispensador | I46: Cuadre diario | J46: VILLACASAN4
A47: 372 | B47: 7917 | C47: 80000 | D47: 80000 | E47: 0 | F47: 45873 | G47: 20250803 | H47: Dispensador | I47: Cuadre diario | J47: SUCFACATA_3
A48: 944 | B48: 8357 | C48: 100000 | D48: 100000 | E48: 0 | F48: 45873 | G48: 20250803 | H48: Dispensador | I48: Cuadre diario | J48: SUCSANTABO3
A49: 111 | B49: 5671 | C49: 200000 | D49: 200000 | E49: 0 | F49: 45874 | G49: 20250804 | H49: Dispensador | I49: Cuadre diario | J49: SUC_COROZ3
A50: 372 | B50: 7917 | C50: 20000 | D50: 20000 | E50: 0 | F50: 45874 | G50: 20250804 | H50: Dispensador | I50: Menor cuantia | J50: SUCFACATA_3
A51: 395 | B51: 1528 | C51: 180000 | D51: 180000 | E51: =+C51-D51 -> 0 | F51: 45874 | G51: 20250804 | H51: =VLOOKUP(B51,CAJEROS!B:D,3,0) -> Multifuncional | I51: Cuadre diario | J51: =VLOOKUP(B51,CAJEROS!B:E,4,0) -> SUCMFVIVCI1
A52: 944 | B52: 2228 | C52: 134950 | D52: 134950 | E52: =+C52-D52 -> 0 | F52: 45870 | G52: 20250731 | H52: =VLOOKUP(B52,CAJEROS!B:D,3,0) -> Multifuncional | I52: Cuadre diario | J52: =VLOOKUP(B52,CAJEROS!B:E,4,0) -> MF_SANTABO3
A53: 623 | B53: 7375 | C53: 50000 | D53: 50000 | E53: =+C53-D53 -> 0 | F53: 45875 | G53: 20250805 | H53: =VLOOKUP(B53,CAJEROS!B:D,3,0) -> Multifuncional | I53: Cuadre diario | J53: =VLOOKUP(B53,CAJEROS!B:E,4,0) -> MF_FUNDMAN2
A54: 623 | B54: 5047 | C54: 1400000 | D54: 1400000 | E54: 0 | F54: 45875 | G54: 20250805 | H54: Multifuncional | I54: Cuadre diario | J54: MF_FMANIZAL
A55: 523 | B55: 5082 | C55: 2500000 | D55: 2500000 | E55: 0 | F55: 45874 | G55: 20250804 | H55: Multifuncional | I55: Cuadre diario | J55: MF_OVALLEDU
A56: 523 | B56: 5082 | C56: 1120000 | D56: 1120000 | E56: 0 | F56: 45875 | G56: 20250805 | H56: Multifuncional | I56: Cuadre diario | J56: MF_OVALLEDU
A57: 829 | B57: 5137 | C57: 10000 | D57: 10000 | E57: 0 | F57: 45874 | G57: 20250804 | H57: Multifuncional | I57: Menor cuantia | J57: MF_UNICALI1
A58: 829 | B58: 5137 | C58: 1040000 | D58: 1040000 | E58: 0 | F58: 45875 | G58: 20250805 | H58: Multifuncional | I58: Cuadre diario | J58: MF_UNICALI1
A59: 300 | B59: 5139 | C59: 1070000 | D59: 1070000 | E59: 0 | F59: 45874 | G59: 20250804 | H59: Multifuncional | I59: Cuadre diario | J59: MF_AUTOP98
A60: 300 | B60: 5139 | C60: 270000 | D60: 270000 | E60: 0 | F60: 45875 | G60: 20250805 | H60: Multifuncional | I60: Cuadre diario | J60: MF_AUTOP98
A61: 262 | B61: 5153 | C61: 20000 | D61: 20000 | E61: 0 | F61: 45874 | G61: 20250804 | H61: Multifuncional | I61: Menor cuantia | J61: MF_DUITAMA
A62: 253 | B62: 5176 | C62: 210000 | D62: 210000 | E62: 0 | F62: 45873 | G62: 20250803 | H62: Multifuncional | I62: Cuadre diario | J62: MF_SPTANORT
A63: 253 | B63: 5176 | C63: 1380000 | D63: 1380000 | E63: 0 | F63: 45874 | G63: 20250804 | H63: Multifuncional | I63: Cuadre diario | J63: MF_SPTANORT
A64: 383 | B64: 5194 | C64: 560000 | D64: =490000+70000 -> 560000 | E64: =+C64-D64 -> 0 | F64: 45873 | G64: 20250803 | H64: =VLOOKUP(B64,CAJEROS!B:D,3,0) -> Multifuncional | I64: Cuadre diario | J64: =VLOOKUP(B64,CAJEROS!B:E,4,0) -> MF_MADRID
A65: 250 | B65: 5197 | C65: 610000 | D65: 610000 | E65: =+C65-D65 -> 0 | F65: 45870 | G65: 20250731 | H65: =VLOOKUP(B65,CAJEROS!B:D,3,0) -> Multifuncional | I65: Cuadre diario | J65: =VLOOKUP(B65,CAJEROS!B:E,4,0) -> MF_MODELIA
A66: 454 | B66: 5231 | C66: 1390000 | D66: 1390000 | E66: 0 | F66: 45870 | G66: 20250731 | H66: Multifuncional | I66: Cuadre diario | J66: MF_5TAVENID
A67: 454 | B67: 5231 | C67: 170000 | D67: 170000 | E67: 0 | F67: 45874 | G67: 20250804 | H67: Multifuncional | I67: Cuadre diario | J67: MF_5TAVENID
A68: 166 | B68: 7940 | C68: 170000 | D68: 170000 | E68: 0 | F68: 45870 | G68: 20250731 | H68: Multifuncional | I68: Cuadre diario | J68: MF_ALDELS22
A69: 166 | B69: 7940 | C69: 1000000 | D69: 1000000 | E69: 0 | F69: 45873 | G69: 20250803 | H69: Multifuncional | I69: Cuadre diario | J69: MF_ALDELS22
A70: 166 | B70: 7940 | C70: 2815000 | D70: 2815000 | E70: 0 | F70: 45874 | G70: 20250804 | H70: Multifuncional | I70: Cuadre diario | J70: MF_ALDELS22
A71: 915 | B71: 8313 | C71: 170000 | D71: 170000 | E71: 0 | F71: 45874 | G71: 20250804 | H71: Multifuncional | I71: Cuadre diario | J71: MF_BANLABB1
A72: 915 | B72: 8313 | C72: 370000 | D72: 370000 | E72: 0 | F72: 45875 | G72: 20250805 | H72: Multifuncional | I72: Cuadre diario | J72: MF_BANLABB1
A73: 915 | B73: 8314 | C73: 400000 | D73: 400000 | E73: 0 | F73: 45870 | G73: 20250731 | H73: Multifuncional | I73: Cuadre diario | J73: MF_BANLABB2
A74: 915 | B74: 8314 | C74: 250000 | D74: 250000 | E74: 0 | F74: 45874 | G74: 20250804 | H74: Multifuncional | I74: Cuadre diario | J74: MF_BANLABB2
A75: 264 | B75: 9906 | C75: 180000 | D75: 180000 | E75: 0 | F75: 45870 | G75: 20250731 | H75: Multifuncional | I75: Cuadre diario | J75: MFSUCFUSAG1
A76: 57 | B76: 9963 | C76: 291000 | D76: 291000 | E76: 0 | F76: 45873 | G76: 20250803 | H76: Multifuncional | I76: Cuadre diario | J76: MF_VILLAVI1
A77: 32 | B77: 5027 | C77: 1570000 | D77: 1570000 | E77: =+C77-D77 -> 0 | F77: 45875 | G77: 20250805 | H77: =VLOOKUP(B77,CAJEROS!B:D,3,0) -> Multifuncional | I77: Cuadre diario | J77: =VLOOKUP(B77,CAJEROS!B:E,4,0) -> MF_ANTCOUNT
A78: 60 | B78: 8729 | C78: 55000 | D78: 55000 | E78: =+C78-D78 -> 0 | F78: 45875 | G78: 20250805 | H78: =VLOOKUP(B78,CAJEROS!B:D,3,0) -> Multifuncional | I78: Cuadre diario | J78: =VLOOKUP(B78,CAJEROS!B:E,4,0) -> MF_HCALIPR3
A79: 60 | B79: 8721 | C79: 300000 | D79: 300000 | E79: 0 | F79: 45870 | G79: 20250731 | H79: Dispensador | I79: Cuadre diario | J79: HALLCALIPR3
A80: 96 | B80: 1035 | C80: 3010000 | D80: 3010000 | E80: 0 | F80: 45870 | G80: 20250731 | H80: Dispensador | I80: Cuadre diario | J80: SUC_MAICAO1
A81: 153 | B81: 9880 | C81: 400000 | D81: 400000 | E81: 0 | F81: 45870 | G81: 20250731 | H81: Dispensador | I81: Cuadre diario | J81: EXITOIBAG_2
A82: 631 | B82: 2615 | C82: 880000 | D82: 880000 | E82: 0 | F82: 45870 | G82: 20250731 | H82: Dispensador | I82: Cuadre diario | J82: SUCURIBIA_1
A83: 706 | B83: 4146 | C83: 500000 | D83: 500000 | E83: 0 | F83: 45873 | G83: 20250801 | H83: Dispensador | J83: SUC_CHINCH1
A84: 345 | B84: 6254 | C84: 230000 | D84: 230000 | E84: 0 | F84: 45873 | G84: 20250803 | H84: Dispensador | I84: Cuadre diario | J84: SUC_TENJO3
A85: 499 | B85: 9808 | C85: 100000 | D85: 100000 | E85: 0 | F85: 45873 | G85: 20250803 | H85: Dispensador | I85: Cuadre diario | J85: SUCPARFAB10
A86: 631 | B86: 2615 | C86: 610000 | D86: 610000 | E86: 0 | F86: 45873 | G86: 20250803 | H86: Dispensador | I86: Cuadre diario | J86: SUCURIBIA_1
A87: 842 | B87: 1645 | C87: 200000 | D87: 200000 | E87: 0 | F87: 45873 | G87: 20250803 | H87: Dispensador | I87: Cuadre diario | J87: BVENTURA_1
A88: 96 | B88: 1035 | C88: 610000 | D88: 610000 | E88: 0 | F88: 45874 | G88: 20250804 | H88: Dispensador | I88: Cuadre diario | J88: SUC_MAICAO1
A89: 312 | B89: 3122 | C89: 100000 | D89: 100000 | E89: 0 | F89: 45874 | G89: 20250804 | H89: Dispensador | I89: Cuadre diario | J89: MALAGA2
A90: 502 | B90: 4626 | C90: 360000 | D90: 360000 | E90: 0 | F90: 45874 | G90: 20250804 | H90: Dispensador | I90: Cuadre diario | J90: SUC_LEYVA2
A91: 799 | B91: 8184 | C91: 50000 | D91: 50000 | E91: 0 | F91: 45874 | G91: 20250804 | H91: Dispensador | I91: Cuadre diario | J91: SUC_FLORBL1
A92: 951 | B92: 7816 | C92: 1850000 | D92: 1850000 | E92: 0 | F92: 45874 | G92: 20250804 | H92: Dispensador | I92: Cuadre diario | J92: AUTOBOSC_4
A93: 481 | B93: 1010 | C93: 1080000 | D93: 1080000 | E93: =+C93-D93 -> 0 | F93: 45877 | G93: 20250807 | H93: =VLOOKUP(B93,CAJEROS!B:D,3,0) -> Multifuncional | I93: Cuadre diario | J93: =VLOOKUP(B93,CAJEROS!B:E,4,0) -> MF_SOLEDAD1
A94: 795 | B94: 1028 | C94: 1460000 | D94: 1460000 | E94: =+C94-D94 -> 0 | F94: 45877 | G94: 20250807 | H94: =VLOOKUP(B94,CAJEROS!B:D,3,0) -> Multifuncional | I94: Cuadre diario | J94: =VLOOKUP(B94,CAJEROS!B:E,4,0) -> MFSUCANVER2
A95: 907 | B95: 4830 | C95: 1500000 | D95: 1500000 | E95: =+C95-D95 -> 0 | F95: 45877 | G95: 20250807 | H95: =VLOOKUP(B95,CAJEROS!B:D,3,0) -> Multifuncional | I95: Cuadre diario | J95: =VLOOKUP(B95,CAJEROS!B:E,4,0) -> MF_FRONTER2
A96: 77 | B96: 5204 | C96: 1040000 | D96: 1040000 | E96: =+C96-D96 -> 0 | F96: 45877 | G96: 20250807 | H96: =VLOOKUP(B96,CAJEROS!B:D,3,0) -> Multifuncional | I96: Cuadre diario | J96: =VLOOKUP(B96,CAJEROS!B:E,4,0) -> MF_TEQENDMA
A97: 20 | B97: 8927 | C97: 1982400 | D97: 1982400 | E97: =+C97-D97 -> 0 | F97: 45877 | G97: 20250807 | H97: =VLOOKUP(B97,CAJEROS!B:D,3,0) -> Multifuncional | I97: Cuadre diario | J97: =VLOOKUP(B97,CAJEROS!B:E,4,0) -> MFSUCBUCMG2
A98: 7 | B98: 7812 | C98: 825000 | D98: 825000 | E98: =+C98-D98 -> 0 | F98: 45875 | G98: 20250805 | H98: =VLOOKUP(B98,CAJEROS!B:D,3,0) -> Multifuncional | I98: Cuadre diario | J98: =VLOOKUP(B98,CAJEROS!B:E,4,0) -> MF_LOSMOLI3
A99: 609 | B99: 7875 | C99: 230000 | D99: 230000 | E99: =+C99-D99 -> 0 | F99: 45873 | G99: 20250803 | H99: =VLOOKUP(B99,CAJEROS!B:D,3,0) -> Multifuncional | I99: Cuadre diario | J99: =VLOOKUP(B99,CAJEROS!B:E,4,0) -> MFSUCABAST1
A100: 769 | B100: 8679 | C100: 840000 | D100: 840000 | E100: =+C100-D100 -> 0 | F100: 45875 | G100: 20250805 | H100: =VLOOKUP(B100,CAJEROS!B:D,3,0) -> Multifuncional | I100: Cuadre diario | J100: =VLOOKUP(B100,CAJEROS!B:E,4,0) -> MF_SUCPPRA1
...

Sheet CAJEROS
A1: SUC | B1: Cajero | C1: Marca | D1: Cajero | E1: NOMBRE DEL CAJERO
A2: 1 | B2: 4959 | C2: NCR | D2: Dispensador | E2: SUC_CARABO2
A3: 1 | B3: 5000 | C3: BELLTECH | D3: Multifuncional | E3: MF_CARABOBO
A4: 4 | B4: 316 | C4: BELLTECH | D4: Multifuncional | E4: MF_SUCLAUR3
A5: 4 | B5: 8626 | C5: NCR | D5: Dispensador | E5: SUCLAURELE1
A6: 4 | B6: 8627 | C6: NCR | D6: Dispensador | E6: SUCLAURELE2
A7: 4 | B7: 8628 | C7: NCR | D7: Dispensador | E7: SUCLAURELE3
A8: 4 | B8: 8629 | C8: NCR | D8: Dispensador | E8: SUCLAURELE4
A9: 4 | B9: 8630 | C9: BELLTECH | D9: Multifuncional | E9: MF_SUCLAUR1
A10: 4 | B10: 8631 | C10: BELLTECH | D10: Multifuncional | E10: MF_SUCLAUR2
A11: 5 | B11: 4866 | C11: #N/A | D11: Multifuncional | E11: MFSUCAVPBL1
A12: 6 | B12: 5001 | C12: BELLTECH | D12: Multifuncional | E12: MF_AVJUNIN
A13: 7 | B13: 5059 | C13: DIEBOLD | D13: Multifuncional | E13: MF_LOSMOLI1
A14: 7 | B14: 5613 | C14: DIEBOLD | D14: Dispensador | E14: SUC_MOLIN2
A15: 7 | B15: 5614 | C15: NCR | D15: Dispensador | E15: SUC_MOLIN3
A16: 7 | B16: 5615 | C16: DIEBOLD | D16: Dispensador | E16: SUC_MOLIN4
A17: 7 | B17: 5616 | C17: DIEBOLD | D17: Dispensador | E17: SUC_MOLIN5
A18: 7 | B18: 5617 | C18: NCR | D18: Dispensador | E18: SUC_MOLIN6
A19: 7 | B19: 7812 | C19: DIEBOLD | D19: Multifuncional | E19: MF_LOSMOLI3
A20: 8 | B20: 5079 | C20: BELLTECH | D20: Multifuncional | E20: MF_LAPLAYA
A21: 8 | B21: 5655 | C21: WINCOR | D21: Dispensador | E21: SUC_LAPLAY1
A22: 8 | B22: 5656 | C22: WINCOR | D22: Dispensador | E22: SUC_LAPLAY2
A23: 8 | B23: 7272 | C23: DIEBOLD | D23: Multifuncional | E23: MF_LAPLAYA2
... A292: 291 | B292: 8188 | C292: NCR | D292: Dispensador | E292: SUCPALMAS3
A293: 292 | B293: 278 | C293: #N/A | D293: Multifuncional | E293: ATM MF SUC CTRO DE CONFECCIO2
A294: 292 | B294: 5116 | C294: BELLTECH | D294: Multifuncional | E294: MF_CONFECCI
A295: 292 | B295: 5426 | C295: WINCOR | D295: Dispensador | E295: CONFECCION5
A296: 297 | B296: 4564 | C296: NCR | D296: Dispensador | E296: SUC_AGUAC3
A297: 297 | B297: 4565 | C297: NCR | D297: Dispensador | E297: SUC_AGUAC4
A298: 297 | B298: 5398 | C298: DIEBOLD | D298: Dispensador | E298: AGUACHICA2
A299: 300 | B299: 5139 | C299: BELLTECH | D299: Multifuncional | E299: MF_AUTOP98
A300: 302 | B300: 5170 | C300: BELLTECH | D300: Multifuncional | E300: MF_QUEBRASE
A301: 305 | B301: 3278 | C301: NCR | D301: Dispensador | E301: VILLACASAN1
A302: 305 | B302: 3279 | C302: NCR | D302: Dispensador | E302: VILLACASAN2
A303: 305 | B303: 4897 | C303: DIEBOLD | D303: Dispensador | E303: SUC_VILLAN3
A304: 305 | B304: 7722 | C304: NCR | D304: Dispensador | E304: VILLACASAN4
A305: 306 | B305: 428 | C305: #N/A | D305: Multifuncional | E305: ATM MF SUC BARRANCABERMEJA 1
A306: 306 | B306: 519 | C306: #N/A | D306: Dispensador | E306: #N/A
A307: 306 | B307: 535 | C307: #N/A | D307: Dispensador | E307: #N/A
A308: 306 | B308: 539 | C308: #N/A | D308: Dispensador | E308: #N/A
A309: 306 | B309: 544 | C309: #N/A | D309: Dispensador | E309: #N/A
A310: 306 | B310: 3061 | C310: NCR | D310: Dispensador | E310: BBERMEJA
A311: 306 | B311: 3062 | C311: NCR | D311: Dispensador | E311: BBERMEJA_2
A312: 306 | B312: 4838 | C312: WINCOR | D312: Dispensador | E312: BARRANCAB3
A313: 306 | B313: 5652 | C313: DIEBOLD | D313: Dispensador | E313: BARRANCABE4
A314: 306 | B314: 7097 | C314: DIEBOLD | D314: Multifuncional | E314: MF_BARRANCA
A315: 312 | B315: 3121 | C315: NCR | D315: Dispensador | E315: MALAGA
A316: 312 | B316: 3122 | C316: NCR | D316: Dispensador | E316: MALAGA2
A317: 317 | B317: 3402 | C317: NCR | D317: Dispensador | E317: SUCARAUCA_1
A318: 317 | B318: 3403 | C318: NCR | D318: Dispensador | E318: SUCARAUCA_2
A319: 317 | B319: 3404 | C319: NCR | D319: Dispensador | E319: SUCARAUCA_3
A320: 317 | B320: 3405 | C320: NCR | D320: Dispensador | E320: SUCARAUCA_4
A321: 317 | B321: 6613 | C321: DIEBOLD | D321: Multifuncional | E321: MF_ARAUCA
... A335: 329 | B335: 3291 | C335: NCR | D335: Dispensador | E335: VELEZ
A336: 329 | B336: 7906 | C336: #N/A | D336: Dispensador | E336: ATM SUC VELEZ 2
A337: 330 | B337: 4406 | C337: NCR | D337: Dispensador | E337: SUC_MALAMB1
A338: 330 | B338: 4407 | C338: NCR | D338: Dispensador | E338: SUC_MALAMB2
A339: 330 | B339: 6747 | C339: NCR | D339: Dispensador | E339: SUC_MALAMB3
A340: 331 | B340: 574 | C340: BELLTECH | D340: Multifuncional | E340: MF_SUCARKA1
A341: 331 | B341: 575 | C341: BELLTECH | D341: Multifuncional | E341: MF_SUCARKA2
A342: 331 | B342: 8342 | C342: WINCOR | D342: Dispensador | E342: SUCARKADIA1
A343: 331 | B343: 8343 | C343: WINCOR | D343: Dispensador | E343: SUCARKADIA2
A344: 331 | B344: 8344 | C344: WINCOR | D344: Dispensador | E344: SUCARKADIA3
A345: 331 | B345: 8345 | C345: WINCOR | D345: Dispensador | E345: SUCARKADIA4
A346: 332 | B346: 2553 | C346: DIEBOLD | D346: Dispensador | E346: ZIPAQUIRA_2
A347: 332 | B347: 2556 | C347: DIEBOLD | D347: Dispensador | E347: ZIPAQUIRA_3
A348: 332 | B348: 2559 | C348: DIEBOLD | D348: Dispensador | E348: ZIPAQUIRA_4
A349: 332 | B349: 7569 | C349: BELLTECH | D349: Multifuncional | E349: MF_ZIPAQUI2
A350: 333 | B350: 442 | C350: #N/A | D350: Multifuncional | E350: MFSUCAVMAR2
A351: 333 | B351: 5076 | C351: DIEBOLD | D351: Multifuncional | E351: MF_AVESMARI
A352: 334 | B352: 8801 | C352: NCR | D352: Dispensador | E352: SUCPENOL_1
A353: 334 | B353: 8802 | C353: NCR | D353: Dispensador | E353: SUCPENOL_2
A354: 335 | B354: 3966 | C354: NCR | D354: Dispensador | E354: SUC_CAJIC_4
A355: 335 | B355: 5741 | C355: DIEBOLD | D355: Dispensador | E355: SUC_CAJICA5
A356: 336 | B356: 4148 | C356: NCR | D356: Dispensador | E356: SUC_SESQUI1
A357: 336 | B357: 4149 | C357: NCR | D357: Dispensador | E357: SUC_SESQUI2
A358: 337 | B358: 6253 | C358: BELLTECH | D358: Multifuncional | E358: MF_CHIA
A359: 341 | B359: 3411 | C359: NCR | D359: Dispensador | E359: PACHO
A360: 341 | B360: 3412 | C360: NCR | D360: Dispensador | E360: PACHO2
A361: 343 | B361: 7954 | C361: DIEBOLD | D361: Dispensador | E361: SUCTABIO1
A362: 343 | B362: 7955 | C362: DIEBOLD | D362: Dispensador | E362: SUCTABIO2
... A366: 347 | B366: 4782 | C366: WINCOR | D366: Dispensador | E366: SUC_MANRIQ1
A367: 348 | B367: 192 | C367: #N/A | D367: Multifuncional | E367: MF_SANDRES3
A368: 348 | B368: 2991 | C368: NCR | D368: Dispensador | E368: SUCSANDRES4
A369: 348 | B369: 3480 | C369: NCR | D369: Dispensador | E369: SUCSANDRES1
A370: 348 | B370: 3481 | C370: NCR | D370: Dispensador | E370: SUCSANDRES2
A371: 348 | B371: 5649 | C371: DIEBOLD | D371: Dispensador | E371: SUCSANDRES5
A372: 348 | B372: 6724 | C372: DIEBOLD | D372: Multifuncional | E372: MF_SANANDRE
A373: 348 | B373: 9006 | C373: WINCOR | D373: Dispensador | E373: SUCSANDRES6
A374: 348 | B374: 9007 | C374: WINCOR | D374: Dispensador | E374: SUCSANDRES7
A375: 348 | B375: 9008 | C375: WINCOR | D375: Dispensador | E375: SUCSANDRES8
A376: 348 | B376: 9009 | C376: DIEBOLD | D376: Multifuncional | E376: MF_SANDRES2
A377: 351 | B377: 6182 | C377: BELLTECH | D377: Multifuncional | E377: MF_PUNTORIE
A378: 352 | B378: 869 | C378: NCR | D378: Dispensador | E378: CQUINQUIRA2
A379: 352 | B379: 6618 | C379: DIEBOLD | D379: Multifuncional | E379: MF_CHIQUINQ
... A539: 498 | B539: 8456 | C539: NCR | D539: Dispensador | E539: BANCACRR11
A540: 499 | B540: 172 | C540: #N/A | D540: Multifuncional | E540: ATM MF SUC PLAZA FABRICATO 3
A541: 499 | B541: 9802 | C541: DIEBOLD | D541: Dispensador | E541: SUCPLZFABR4
A542: 499 | B542: 9803 | C542: NCR | D542: Dispensador | E542: SUCPLZFABR5
A543: 499 | B543: 9804 | C543: NCR | D543: Dispensador | E543: SUCPLZFABR6
...
